VeiculoId,Marca,Modelo,VeiculoAtivo,DataCadasto
1,ACURA,INTEGRA,1,2019-01-09
2,ACURA,LEGEND,1,2019-01-09
3,ACURA,NSX,1,2019-01-09
4,AGRALE,MARRUA,1,2019-01-09
5,ALFA ROMEO,145,1,2019-01-09
6,ALFA ROMEO,147,1,2019-01-09
7,ALFA ROMEO,155,1,2019-01-09
8,ALFA ROMEO,156,1,2019-01-09
9,ALFA ROMEO,164,1,2019-01-09
10,ALFA ROMEO,166,1,2019-01-09
11,ALFA ROMEO,2300,1,2019-01-09
12,ALFA ROMEO,SPIDER,1,2019-01-09
13,AM GEN,HUMMER,1,2019-01-09
14,KIA,AM-825,1,2019-01-09
15,KIA,HI-TOPIC,1,2019-01-09
16,KIA,ROCSTA,1,2019-01-09
17,KIA,TOPIC,1,2019-01-09
18,KIA,TOWNER,1,2019-01-09
19,AUDI,100,1,2019-01-09
20,AUDI,80,1,2019-01-09
21,AUDI,A1,1,2019-01-09
22,AUDI,A3,1,2019-01-09
23,AUDI,A4 SEDAN,1,2019-01-09
24,AUDI,A5 COUPE,1,2019-01-09
25,AUDI,A6 SEDAN,1,2019-01-09
26,AUDI,A7,1,2019-01-09
27,AUDI,A8,1,2019-01-09
28,AUDI,Q3,1,2019-01-09
29,AUDI,Q5,1,2019-01-09
30,AUDI,Q7,1,2019-01-09
31,AUDI,R8,1,2019-01-09
32,AUDI,RS3,1,2019-01-09
33,AUDI,RS4,1,2019-01-09
34,AUDI,RS5,1,2019-01-09
35,AUDI,RS6,1,2019-01-09
36,AUDI,S3,1,2019-01-09
37,AUDI,S4 SEDAN,1,2019-01-09
38,AUDI,S6 SEDAN,1,2019-01-09
39,AUDI,S8,1,2019-01-09
40,AUDI,TT,1,2019-01-09
41,AUDI,TTS,1,2019-01-09
42,BUGGY,BUGGY,1,2019-01-09
43,CADILLAC,DEVILLE,1,2019-01-09
44,CADILLAC,ELDORADO,1,2019-01-09
45,CADILLAC,SEVILLE,1,2019-01-09
46,CBT,JAVALI,1,2019-01-09
47,CHANA,MINI STAR FAMILY,1,2019-01-09
48,CHANA,MINI STAR UTILITY,1,2019-01-09
49,CHERY,CIELO,1,2019-01-09
50,CHERY,FACE,1,2019-01-09
51,CHERY,QQ,1,2019-01-09
52,CHERY,S-18,1,2019-01-09
53,CHERY,TIGGO,1,2019-01-09
54,CHRYSLER,300C,1,2019-01-09
55,CHRYSLER,CARAVAN,1,2019-01-09
56,CHRYSLER,CIRRUS,1,2019-01-09
57,CHRYSLER,GRAN CARAVAN,1,2019-01-09
58,CHRYSLER,LE BARON,1,2019-01-09
59,CHRYSLER,NEON,1,2019-01-09
60,CHRYSLER,PT CRUISER,1,2019-01-09
61,CHRYSLER,SEBRING,1,2019-01-09
62,CHRYSLER,STRATUS,1,2019-01-09
63,CHRYSLER,TOWN E COUNTRY,1,2019-01-09
64,CHRYSLER,VISION,1,2019-01-09
65,CITROEN,AIRCROSS,1,2019-01-09
66,CITROEN,AX,1,2019-01-09
67,CITROEN,BERLINGO,1,2019-01-09
68,CITROEN,BX,1,2019-01-09
69,CITROEN,C3,1,2019-01-09
70,CITROEN,C4,1,2019-01-09
71,CITROEN,C5,1,2019-01-09
72,CITROEN,C6,1,2019-01-09
73,CITROEN,C8,1,2019-01-09
74,CITROEN,DS3,1,2019-01-09
75,CITROEN,EVASION,1,2019-01-09
76,CITROEN,JUMPER,1,2019-01-09
77,CITROEN,XANTIA,1,2019-01-09
78,CITROEN,XM,1,2019-01-09
79,CITROEN,XSARA,1,2019-01-09
80,CITROEN,ZX,1,2019-01-09
81,CROSS LANDER,CL-244,1,2019-01-09
82,CROSS LANDER,CL-330,1,2019-01-09
83,DAEWOO,ESPERO,1,2019-01-09
84,DAEWOO,LANOS,1,2019-01-09
85,DAEWOO,LEGANZA,1,2019-01-09
86,DAEWOO,NUBIRA,1,2019-01-09
87,DAEWOO,PRINCE,1,2019-01-09
88,DAEWOO,RACER,1,2019-01-09
89,DAEWOO,SUPER SALON,1,2019-01-09
90,DAEWOO,TICO,1,2019-01-09
91,DAIHATSU,APPLAUSE,1,2019-01-09
92,DAIHATSU,CHARADE,1,2019-01-09
93,DAIHATSU,CUORE,1,2019-01-09
94,DAIHATSU,FEROZA,1,2019-01-09
95,DAIHATSU,GRAN MOVE,1,2019-01-09
96,DAIHATSU,MOVE VAN,1,2019-01-09
97,DAIHATSU,TERIOS,1,2019-01-09
98,DODGE,AVENGER,1,2019-01-09
99,DODGE,DAKOTA,1,2019-01-09
100,DODGE,JOURNEY,1,2019-01-09
101,DODGE,RAM,1,2019-01-09
102,DODGE,STEALTH,1,2019-01-09
103,EFFA,M-100,1,2019-01-09
104,EFFA,PLUTUS,1,2019-01-09
105,EFFA,START,1,2019-01-09
106,EFFA,ULC,1,2019-01-09
107,ENGESA,ENGESA,1,2019-01-09
108,ENVEMO,CAMPER,1,2019-01-09
109,ENVEMO,MASTER,1,2019-01-09
110,FERRARI,348,1,2019-01-09
111,FERRARI,355,1,2019-01-09
112,FERRARI,360,1,2019-01-09
113,FERRARI,456,1,2019-01-09
114,FERRARI,550,1,2019-01-09
115,FERRARI,575M,1,2019-01-09
116,FERRARI,612,1,2019-01-09
117,FERRARI,CALIFORNIA,1,2019-01-09
118,FERRARI,F430,1,2019-01-09
119,FERRARI,F599,1,2019-01-09
120,FIAT,147,1,2019-01-09
121,FIAT,500,1,2019-01-09
122,FIAT,BRAVA,1,2019-01-09
123,FIAT,BRAVO,1,2019-01-09
124,FIAT,COUPE,1,2019-01-09
125,FIAT,DOBLO,1,2019-01-09
126,FIAT,DUCATO CARGO,1,2019-01-09
127,FIAT,DUNA,1,2019-01-09
128,FIAT,ELBA,1,2019-01-09
129,FIAT,FIORINO,1,2019-01-09
130,FIAT,FREEMONT,1,2019-01-09
131,FIAT,GRAND SIENA,1,2019-01-09
132,FIAT,IDEA,1,2019-01-09
133,FIAT,LINEA,1,2019-01-09
134,FIAT,MAREA,1,2019-01-09
135,FIAT,OGGI,1,2019-01-09
136,FIAT,PALIO,1,2019-01-09
137,FIAT,PANORAMA,1,2019-01-09
138,FIAT,PREMIO,1,2019-01-09
139,FIAT,PUNTO,1,2019-01-09
140,FIAT,SIENA,1,2019-01-09
141,FIAT,STILO,1,2019-01-09
142,FIAT,STRADA,1,2019-01-09
143,FIAT,TEMPRA,1,2019-01-09
144,FIAT,TIPO,1,2019-01-09
145,FIAT,UNO,1,2019-01-09
146,FORD,AEROSTAR,1,2019-01-09
147,FORD,ANGLIA,1,2019-01-09
148,FORD,ASPIRE,1,2019-01-09
149,FORD,BELINA,1,2019-01-09
150,FORD,BRASILVAN,1,2019-01-09
151,FORD,CLUB WAGON,1,2019-01-09
152,FORD,CONTOUR,1,2019-01-09
153,FORD,CORCEL,1,2019-01-09
154,FORD,CORCEL II,1,2019-01-09
155,FORD,COURIER,1,2019-01-09
156,FORD,CROWN VICTORIA,1,2019-01-09
157,FORD,CUSTOM,1,2019-01-09
158,FORD,DE LUXE,1,2019-01-09
159,FORD,DEL REY,1,2019-01-09
160,FORD,ECOSPORT,1,2019-01-09
161,FORD,EDGE,1,2019-01-09
162,FORD,ESCORT,1,2019-01-09
163,FORD,ESCORT CONVERSIVEL,1,2019-01-09
164,FORD,ESCORT SEDAN,1,2019-01-09
165,FORD,ESCORT SW,1,2019-01-09
166,FORD,ESCORT XR3,1,2019-01-09
167,FORD,EXCURSION,1,2019-01-09
168,FORD,EXPEDITION,1,2019-01-09
169,FORD,EXPLORER,1,2019-01-09
170,FORD,F-01,1,2019-01-09
171,FORD,F-100,1,2019-01-09
172,FORD,F-1000,1,2019-01-09
173,FORD,F-10000,1,2019-01-09
174,FORD,F-150,1,2019-01-09
175,FORD,F-250,1,2019-01-09
176,FORD,F-85,1,2019-01-09
177,FORD,FALCON,1,2019-01-09
178,FORD,FIESTA,1,2019-01-09
179,FORD,FIESTA SEDAN,1,2019-01-09
180,FORD,FIESTA TRAIL,1,2019-01-09
181,FORD,FOCUS,1,2019-01-09
182,CHEVROLET,A-10,1,2019-01-09
183,CHEVROLET,A-20,1,2019-01-09
184,CHEVROLET,AGILE,1,2019-01-09
185,CHEVROLET,ASTRA,1,2019-01-09
186,CHEVROLET,BLAZER,1,2019-01-09
187,CHEVROLET,BONANZA,1,2019-01-09
188,CHEVROLET,C-10,1,2019-01-09
189,CHEVROLET,C-20,1,2019-01-09
190,CHEVROLET,CALIBRA,1,2019-01-09
191,CHEVROLET,CAMARO,1,2019-01-09
192,CHEVROLET,CAPRICE,1,2019-01-09
193,CHEVROLET,CAPTIVA,1,2019-01-09
194,CHEVROLET,CARAVAN,1,2019-01-09
195,CHEVROLET,CAVALIER,1,2019-01-09
196,CHEVROLET,CELTA,1,2019-01-09
197,CHEVROLET,CHEVY,1,2019-01-09
198,CHEVROLET,CHEYNNE,1,2019-01-09
199,CHEVROLET,COBALT,1,2019-01-09
200,CHEVROLET,CORSA,1,2019-01-09
201,CHEVROLET,CORVETTE,1,2019-01-09
202,CHEVROLET,CRUZE,1,2019-01-09
203,CHEVROLET,D-10,1,2019-01-09
204,CHEVROLET,D-20,1,2019-01-09
205,CHEVROLET,IPANEMA,1,2019-01-09
206,CHEVROLET,KADETT,1,2019-01-09
207,CHEVROLET,LUMINA,1,2019-01-09
208,CHEVROLET,MALIBU,1,2019-01-09
209,CHEVROLET,MERIVA,1,2019-01-09
210,CHEVROLET,MONTANA,1,2019-01-09
211,CHEVROLET,OMEGA,1,2019-01-09
212,CHEVROLET,OPALA,1,2019-01-09
213,CHEVROLET,PRISMA,1,2019-01-09
214,CHEVROLET,S10,1,2019-01-09
215,CHEVROLET,SILVERADO,1,2019-01-09
216,CHEVROLET,SONIC,1,2019-01-09
217,CHEVROLET,SONOMA,1,2019-01-09
218,CHEVROLET,SPACEVAN,1,2019-01-09
219,CHEVROLET,SS10,1,2019-01-09
220,CHEVROLET,SUBURBAN,1,2019-01-09
221,CHEVROLET,SYCLONE,1,2019-01-09
222,CHEVROLET,TIGRA,1,2019-01-09
223,CHEVROLET,TRACKER,1,2019-01-09
224,CHEVROLET,TRAFIC,1,2019-01-09
225,CHEVROLET,VECTRA,1,2019-01-09
226,CHEVROLET,VERANEIO,1,2019-01-09
227,CHEVROLET,ZAFIRA,1,2019-01-09
228,GREAT WALL,HOVER,1,2019-01-09
229,GURGEL,BR-800,1,2019-01-09
230,GURGEL,CARAJAS,1,2019-01-09
231,GURGEL,TOCANTINS,1,2019-01-09
232,GURGEL,XAVANTE,1,2019-01-09
233,GURGEL,VIP,1,2019-01-09
234,HAFEI,TOWNER,1,2019-01-09
235,HONDA,ACCORD,1,2019-01-09
236,HONDA,CITY,1,2019-01-09
237,HONDA,CIVIC,1,2019-01-09
238,HONDA,CR-V,1,2019-01-09
239,HONDA,FIT,1,2019-01-09
240,HONDA,ODYSSEY,1,2019-01-09
241,HONDA,PASSPORT,1,2019-01-09
242,HONDA,PRELUDE,1,2019-01-09
243,HYUNDAI,ACCENT,1,2019-01-09
244,HYUNDAI,ATOS,1,2019-01-09
245,HYUNDAI,AZERA,1,2019-01-09
246,HYUNDAI,COUPE,1,2019-01-09
247,HYUNDAI,ELANTRA,1,2019-01-09
248,HYUNDAI,EXCEL,1,2019-01-09
249,HYUNDAI,GALLOPER,1,2019-01-09
250,HYUNDAI,GENESIS,1,2019-01-09
251,HYUNDAI,H1,1,2019-01-09
252,HYUNDAI,H100,1,2019-01-09
253,HYUNDAI,I30,1,2019-01-09
254,HYUNDAI,IX35,1,2019-01-09
255,HYUNDAI,MATRIX,1,2019-01-09
256,HYUNDAI,PORTER,1,2019-01-09
257,HYUNDAI,SANTA FE,1,2019-01-09
258,HYUNDAI,SCOUPE,1,2019-01-09
259,HYUNDAI,SONATA,1,2019-01-09
260,HYUNDAI,TERRACAN,1,2019-01-09
261,HYUNDAI,TRAJET,1,2019-01-09
262,HYUNDAI,TUCSON,1,2019-01-09
263,HYUNDAI,VELOSTER,1,2019-01-09
264,HYUNDAI,VERACRUZ,1,2019-01-09
265,JAC,J3,1,2019-01-09
266,JAC,J5,1,2019-01-09
267,JAC,J6,1,2019-01-09
268,JAGUAR,DAIMLER,1,2019-01-09
269,JAGUAR,S-TYPE,1,2019-01-09
270,JAGUAR,X-TYPE,1,2019-01-09
271,JAGUAR,MODELOS XJ,1,2019-01-09
272,JAGUAR,MODELOS XK,1,2019-01-09
273,JEEP,CHEROKEE,1,2019-01-09
274,JEEP,COMMANDER,1,2019-01-09
275,JEEP,COMPASS,1,2019-01-09
276,JEEP,GRAND CHEROKEE,1,2019-01-09
277,JEEP,WRANGLER,1,2019-01-09
278,JINBEI,TOPIC VAN,1,2019-01-09
279,JPX,JIPE MONTEZ,1,2019-01-09
280,JPX,PICAPE MONTEZ,1,2019-01-09
281,KIA,BESTA,1,2019-01-09
282,KIA,BONGO,1,2019-01-09
283,KIA,CADENZA,1,2019-01-09
284,KIA,CARENS,1,2019-01-09
285,KIA,CARNIVAL,1,2019-01-09
286,KIA,CERATO,1,2019-01-09
287,KIA,CERES,1,2019-01-09
288,KIA,CLARUS,1,2019-01-09
289,KIA,MAGENTIS,1,2019-01-09
290,KIA,MOHAVE,1,2019-01-09
291,KIA,OPIRUS,1,2019-01-09
292,KIA,OPTIMA,1,2019-01-09
293,KIA,PICANTO,1,2019-01-09
294,KIA,SEPHIA,1,2019-01-09
295,KIA,SHUMA,1,2019-01-09
296,KIA,SORENTO,1,2019-01-09
297,KIA,SOUL,1,2019-01-09
298,KIA,SPORTAGE,1,2019-01-09
299,LADA,LAIKA,1,2019-01-09
300,LADA,NIVA,1,2019-01-09
301,LADA,SAMARA,1,2019-01-09
302,LAMBORGHINI,GALLARDO,1,2019-01-09
303,LAMBORGHINI,MURCIELAGO,1,2019-01-09
304,LAND ROVER,DEFENDER,1,2019-01-09
305,LAND ROVER,DISCOVERY,1,2019-01-09
306,LAND ROVER,FREELANDER,1,2019-01-09
307,LAND ROVER,NEW RANGE,1,2019-01-09
308,LAND ROVER,RANGE ROVER,1,2019-01-09
309,LEXUS,ES,1,2019-01-09
310,LEXUS,GS,1,2019-01-09
311,LEXUS,IS-300,1,2019-01-09
312,LEXUS,LS,1,2019-01-09
313,LEXUS,RX,1,2019-01-09
314,LEXUS,SC,1,2019-01-09
315,LIFAN,320,1,2019-01-09
316,LIFAN,620,1,2019-01-09
317,LOBINI,H1,1,2019-01-09
318,LOTUS,ELAN,1,2019-01-09
319,LOTUS,ESPRIT,1,2019-01-09
320,MAHINDRA,SCORPIO,1,2019-01-09
321,MASERATI,222,1,2019-01-09
322,MASERATI,228,1,2019-01-09
323,MASERATI,3200,1,2019-01-09
324,MASERATI,430,1,2019-01-09
325,MASERATI,COUPE,1,2019-01-09
326,MASERATI,GHIBLI,1,2019-01-09
327,MASERATI,GRANCABRIO,1,2019-01-09
328,MASERATI,GRANSPORT,1,2019-01-09
329,MASERATI,GRANTURISMO,1,2019-01-09
330,MASERATI,QUATTROPORTE,1,2019-01-09
331,MASERATI,SHAMAL,1,2019-01-09
332,MASERATI,SPIDER,1,2019-01-09
333,MATRA,PICK-UP,1,2019-01-09
334,MAZDA,323,1,2019-01-09
335,MAZDA,626,1,2019-01-09
336,MAZDA,929,1,2019-01-09
337,MAZDA,B-2500,1,2019-01-09
338,MAZDA,B2200,1,2019-01-09
339,MAZDA,MILLENIA,1,2019-01-09
340,MAZDA,MPV,1,2019-01-09
341,MAZDA,MX-3,1,2019-01-09
342,MAZDA,MX-5,1,2019-01-09
343,MAZDA,NAVAJO,1,2019-01-09
344,MAZDA,PROTEGE,1,2019-01-09
345,MAZDA,RX,1,2019-01-09
346,MERCEDES-BENZ,CLASSE A,1,2019-01-09
347,MERCEDES-BENZ,CLASSE B,1,2019-01-09
348,MERCEDES-BENZ,CLASSE R,1,2019-01-09
349,MERCEDES-BENZ,CLASSE GLK,1,2019-01-09
350,MERCEDES-BENZ,SPRINTER,1,2019-01-09
351,MERCURY,MYSTIQUE,1,2019-01-09
352,MERCURY,SABLE,1,2019-01-09
353,MG,550,1,2019-01-09
354,MG,MG6,1,2019-01-09
355,MINI,COOPER,1,2019-01-09
356,MINI,ONE,1,2019-01-09
357,MITSUBISHI,3000,1,2019-01-09
358,MITSUBISHI,AIRTREK,1,2019-01-09
359,MITSUBISHI,ASX,1,2019-01-09
360,MITSUBISHI,COLT,1,2019-01-09
361,MITSUBISHI,DIAMANT,1,2019-01-09
362,MITSUBISHI,ECLIPSE,1,2019-01-09
363,MITSUBISHI,EXPO,1,2019-01-09
364,MITSUBISHI,GALANT,1,2019-01-09
365,MITSUBISHI,GRANDIS,1,2019-01-09
366,MITSUBISHI,L200,1,2019-01-09
367,MITSUBISHI,L300,1,2019-01-09
368,MITSUBISHI,LANCER,1,2019-01-09
369,MITSUBISHI,MIRAGE,1,2019-01-09
370,MITSUBISHI,MONTERO,1,2019-01-09
371,MITSUBISHI,OUTLANDER,1,2019-01-09
372,MITSUBISHI,PAJERO,1,2019-01-09
373,MITSUBISHI,SPACE WAGON,1,2019-01-09
374,MIURA,BG-TRUCK,1,2019-01-09
375,NISSAN,350Z,1,2019-01-09
376,NISSAN,ALTIMA,1,2019-01-09
377,NISSAN,AX,1,2019-01-09
378,NISSAN,D-21,1,2019-01-09
379,NISSAN,FRONTIER,1,2019-01-09
380,NISSAN,KING-CAB,1,2019-01-09
381,NISSAN,LIVINA,1,2019-01-09
382,NISSAN,MARCH,1,2019-01-09
383,NISSAN,MAXIMA,1,2019-01-09
384,NISSAN,MURANO,1,2019-01-09
385,NISSAN,NX,1,2019-01-09
386,NISSAN,PATHFINDER,1,2019-01-09
387,NISSAN,PRIMERA,1,2019-01-09
388,NISSAN,QUEST,1,2019-01-09
389,NISSAN,SENTRA,1,2019-01-09
390,NISSAN,STANZA,1,2019-01-09
391,NISSAN,180SX,1,2019-01-09
392,NISSAN,TERRANO,1,2019-01-09
393,NISSAN,TIIDA,1,2019-01-09
394,NISSAN,VERSA,1,2019-01-09
395,NISSAN,X-TRAIL,1,2019-01-09
396,NISSAN,XTERRA,1,2019-01-09
397,NISSAN,ZX,1,2019-01-09
398,PEUGEOT,106,1,2019-01-09
399,PEUGEOT,205,1,2019-01-09
400,PEUGEOT,206,1,2019-01-09
401,PEUGEOT,207,1,2019-01-09
402,PEUGEOT,3008,1,2019-01-09
403,PEUGEOT,306,1,2019-01-09
404,PEUGEOT,307,1,2019-01-09
405,PEUGEOT,308,1,2019-01-09
406,PEUGEOT,405,1,2019-01-09
407,PEUGEOT,406,1,2019-01-09
408,PEUGEOT,407,1,2019-01-09
409,PEUGEOT,408,1,2019-01-09
410,PEUGEOT,504,1,2019-01-09
411,PEUGEOT,505,1,2019-01-09
412,PEUGEOT,508,1,2019-01-09
413,PEUGEOT,605,1,2019-01-09
414,PEUGEOT,607,1,2019-01-09
415,PEUGEOT,806,1,2019-01-09
416,PEUGEOT,807,1,2019-01-09
417,PEUGEOT,BOXER,1,2019-01-09
418,PEUGEOT,HOGGAR,1,2019-01-09
419,PEUGEOT,PARTNER,1,2019-01-09
420,PEUGEOT,RCZ,1,2019-01-09
421,PLYMOUTH,GRAN VOYAGER,1,2019-01-09
422,PLYMOUTH,SUNDANCE,1,2019-01-09
423,PONTIAC,TRANS-AM,1,2019-01-09
424,PONTIAC,TRANS-SPORT,1,2019-01-09
425,PORSCHE,911,1,2019-01-09
426,PORSCHE,BOXSTER,1,2019-01-09
427,PORSCHE,CAYENNE,1,2019-01-09
428,PORSCHE,CAYMAN,1,2019-01-09
429,PORSCHE,PANAMERA,1,2019-01-09
430,RENAULT,21 SEDAN,1,2019-01-09
431,RENAULT,CLIO,1,2019-01-09
432,RENAULT,DUSTER,1,2019-01-09
433,RENAULT,EXPRESS,1,2019-01-09
434,RENAULT,FLUENCE,1,2019-01-09
435,RENAULT,KANGOO,1,2019-01-09
436,RENAULT,LAGUNA,1,2019-01-09
437,RENAULT,LOGAN,1,2019-01-09
438,RENAULT,MASTER,1,2019-01-09
439,RENAULT,MEGANE,1,2019-01-09
440,RENAULT,SAFRANE,1,2019-01-09
441,RENAULT,SANDERO,1,2019-01-09
442,RENAULT,SCENIC,1,2019-01-09
443,RENAULT,SYMBOL,1,2019-01-09
444,RENAULT,TRAFIC,1,2019-01-09
445,RENAULT,TWINGO,1,2019-01-09
446,SAAB,9000,1,2019-01-09
447,SATURN,SL-2,1,2019-01-09
448,SEAT,CORDOBA,1,2019-01-09
449,SEAT,IBIZA,1,2019-01-09
450,SEAT,INCA,1,2019-01-09
451,SMART,FORTWO,1,2019-01-09
452,SSANGYONG,ACTYON SPORTS,1,2019-01-09
453,SSANGYONG,CHAIRMAN,1,2019-01-09
454,SSANGYONG,ISTANA,1,2019-01-09
455,SSANGYONG,KORANDO,1,2019-01-09
456,SSANGYONG,KYRON,1,2019-01-09
457,SSANGYONG,MUSSO,1,2019-01-09
458,SSANGYONG,REXTON,1,2019-01-09
459,SUBARU,FORESTER,1,2019-01-09
460,SUBARU,IMPREZA,1,2019-01-09
461,SUBARU,LEGACY,1,2019-01-09
462,SUBARU,OUTBACK,1,2019-01-09
463,SUBARU,SVX,1,2019-01-09
464,SUBARU,TRIBECA,1,2019-01-09
465,SUBARU,VIVIO,1,2019-01-09
466,SUZUKI,BALENO,1,2019-01-09
467,SUZUKI,GRAND VITARA,1,2019-01-09
468,SUZUKI,IGNIS,1,2019-01-09
469,SUZUKI,JIMNY,1,2019-01-09
470,SUZUKI,SUPER CARRY,1,2019-01-09
471,SUZUKI,SWIFT,1,2019-01-09
472,SUZUKI,SX4,1,2019-01-09
473,SUZUKI,VITARA,1,2019-01-09
474,SUZUKI,WAGON R,1,2019-01-09
475,TAC,STARK,1,2019-01-09
476,TOYOTA,AVALON,1,2019-01-09
477,TOYOTA,BANDEIRANTE,1,2019-01-09
478,TOYOTA,CAMRY,1,2019-01-09
479,TOYOTA,CELICA,1,2019-01-09
480,TOYOTA,COROLLA,1,2019-01-09
481,TOYOTA,CORONA,1,2019-01-09
482,TOYOTA,HILUX,1,2019-01-09
483,TOYOTA,LAND CRUISER,1,2019-01-09
484,TOYOTA,MR-2,1,2019-01-09
485,TOYOTA,PASEO,1,2019-01-09
486,TOYOTA,PREVIA,1,2019-01-09
487,TOYOTA,RAV4,1,2019-01-09
488,TOYOTA,SUPRA,1,2019-01-09
489,TROLLER,PANTANAL,1,2019-01-09
490,TROLLER,T-4,1,2019-01-09
491,VOLVO,400 SERIES,1,2019-01-09
492,VOLVO,850,1,2019-01-09
493,VOLVO,900 SERIES,1,2019-01-09
494,VOLKSWAGEN,AMAROK,1,2019-01-09
495,VOLKSWAGEN,APOLLO,1,2019-01-09
496,VOLKSWAGEN,BORA,1,2019-01-09
497,VOLKSWAGEN,CARAVELLE,1,2019-01-09
498,VOLKSWAGEN,CORRADO,1,2019-01-09
499,VOLKSWAGEN,EOS,1,2019-01-09
500,VOLKSWAGEN,EUROVAN,1,2019-01-09
501,VOLKSWAGEN,FOX,1,2019-01-09
502,VOLKSWAGEN,FUSCA,1,2019-01-09
503,VOLKSWAGEN,GOL,1,2019-01-09
504,VOLKSWAGEN,GOLF,1,2019-01-09
505,VOLKSWAGEN,JETTA,1,2019-01-09
506,VOLKSWAGEN,KOMBI,1,2019-01-09
507,VOLKSWAGEN,LOGUS,1,2019-01-09
508,VOLKSWAGEN,PARATI,1,2019-01-09
509,VOLKSWAGEN,PASSAT,1,2019-01-09
510,VOLKSWAGEN,POINTER,1,2019-01-09
511,VOLKSWAGEN,POLO,1,2019-01-09
512,VOLKSWAGEN,SANTANA,1,2019-01-09
513,VOLKSWAGEN,SAVEIRO,1,2019-01-09
514,VOLKSWAGEN,SPACEFOX,1,2019-01-09
515,VOLKSWAGEN,TIGUAN,1,2019-01-09
516,VOLKSWAGEN,TOUAREG,1,2019-01-09
517,VOLKSWAGEN,VOYAGE,1,2019-01-09
518,ACURA,ZDX,1,2019-01-09
519,FIAT,140,1,2019-01-09
520,VOLKSWAGEN,BRASILIA,1,2019-01-09
521,FORD,FOCUS FASTBACK,1,2019-01-09
522,FORD,FOCUS SEDAN,1,2019-01-09
523,FIAT,PALIO WEEKEND,1,2019-01-09
524,FORD,FREESTYLE,1,2019-01-09
525,FORD,FURGLAINE,1,2019-01-09
526,FORD,FUSION,1,2019-01-09
527,PEUGEOT,207 SW,1,2019-01-09
528,FORD,GALAXIE,1,2019-01-09
529,PEUGEOT,307 SEDAN,1,2019-01-09
530,PEUGEOT,307 SW,1,2019-01-09
531,CITROEN,C4 PALLAS,1,2019-01-09
532,CITROEN,C4 PICASSO,1,2019-01-09
533,CITROEN,C4 VTR,1,2019-01-09
534,RENAULT,CLIO SEDAN,1,2019-01-09
535,TOYOTA,COROLLA FIELDER,1,2019-01-09
536,TOYOTA,HILUX SW4,1,2019-01-09
537,RENAULT,MEGANE GRAND TOUR,1,2019-01-09
538,RENAULT,SANDERO STEPWAY,1,2019-01-09
539,CITROEN,XSARA PICASSO,1,2019-01-09
540,UTILITARIOS AGRICOLAS,COLHEITADEIRA,1,2019-01-09
541,WILLYS OVERLAND,PICKUP F75,1,2019-01-09
542,GURGEL,X12,1,2019-01-09
543,CHEVROLET,BEL AIR,1,2019-01-09
544,BMW,RX,1,2019-01-09
545,CHEVROLET,C-14,1,2019-01-09
546,CADILLAC,SRX4,1,2019-01-09
547,CHEVROLET,C-15,1,2019-01-09
548,CHEVROLET,BRASIL,1,2019-01-09
549,DODGE,POLARA,1,2019-01-09
550,FIAT,600,1,2019-01-09
551,FORD,IBIZA,1,2019-01-09
552,FORD,KA,1,2019-01-09
553,FORD,KA SEDAN,1,2019-01-09
554,FORD,KA SPORT,1,2019-01-09
555,FORD,MAVERICK,1,2019-01-09
556,FORD,MODELO A,1,2019-01-09
557,INFINITI,LINHA FX,1,2019-01-09
558,PUMA,GTS,1,2019-01-09
559,HUMMER,H3,1,2019-01-09
560,HYUNDAI,PRIME,1,2019-01-09
561,HYUNDAI,TIBURON,1,2019-01-09
562,JEEP,JEEP,1,2019-01-09
563,JEEP,CJ5,1,2019-01-09
564,KARMANN GHIA,TC,1,2019-01-09
565,MERCEDES-BENZ,CLASSE CLC,1,2019-01-09
566,MERCEDES-BENZ,CLASSE CLS,1,2019-01-09
567,MERCURY,MONTEREY,1,2019-01-09
568,MIURA,TOPSPORT,1,2019-01-09
569,MIURA,TARGA,1,2019-01-09
570,MIURA,X8,1,2019-01-09
571,NISSAN,370Z,1,2019-01-09
572,PUMA,GTB,1,2019-01-09
573,PUMA,GTC,1,2019-01-09
574,PUMA,GTE,1,2019-01-09
575,MORRIS,AUSTIN,1,2019-01-09
576,RENAULT,7TL,1,2019-01-09
577,RENAULT,19,1,2019-01-09
578,SKODA,CONVERS√çVEL,1,2019-01-09
579,GURGEL,SUPERMINI,1,2019-01-09
580,VOLKSWAGEN,TL,1,2019-01-09
581,FIAT,TOPOLINO,1,2019-01-09
582,TOYOTA,SR5,1,2019-01-09
583,TOYOTA,VITZ,1,2019-01-09
584,VOLKSWAGEN,VARIANT,1,2019-01-09
585,DKW-VEMAG,CANDANGO,1,2019-01-09
586,VOLKSWAGEN,SP2,1,2019-01-09
587,HANOMAG,RECORB,1,2019-01-09
588,VOLKSWAGEN,POLAUTO,1,2019-01-09
589,RENAULT,GORDINI,1,2019-01-09
590,HILLMAN,MINX,1,2019-01-09
591,TOYOTA,ETIOS,1,2019-01-09
592,CHEVROLET,ONIX,1,2019-01-09
593,HYUNDAI,HB20,1,2019-01-09
594,BMW,330,1,2019-01-09
595,BMW,520,1,2019-01-09
596,BMW,730,1,2019-01-09
597,BMW,M1,1,2019-01-09
598,BMW,SERIE Z,1,2019-01-09
599,MERCEDES-BENZ,CLASSE SLK,1,2019-01-09
600,MERCEDES-BENZ,CLASSE C,1,2019-01-09
601,MERCEDES-BENZ,CLASSE E,1,2019-01-09
602,MERCEDES-BENZ,CLASSE CL,1,2019-01-09
603,MERCEDES-BENZ,CLASSE CLK,1,2019-01-09
604,MERCEDES-BENZ,CLASSE S,1,2019-01-09
605,MERCEDES-BENZ,CLASSE SL,1,2019-01-09
606,MERCEDES-BENZ,CLASSE SLS,1,2019-01-09
607,MERCEDES-BENZ,CLASSE G,1,2019-01-09
608,MERCEDES-BENZ,CLASSE GL,1,2019-01-09
609,MERCEDES-BENZ,CLASSE M,1,2019-01-09
610,HRG,1500,1,2019-01-09
611,HYUNDAI,EQUUS,1,2019-01-09
612,LAMBORGHINI,350 GT,1,2019-01-09
613,LAMBORGHINI,400 GT,1,2019-01-09
614,LAMBORGHINI,MIURA,1,2019-01-09
615,LAMBORGHINI,ISLERO,1,2019-01-09
616,LAMBORGHINI,ESPADA,1,2019-01-09
617,LAMBORGHINI,COUNTACH,1,2019-01-09
618,LAMBORGHINI,DIABLO,1,2019-01-09
619,LAMBORGHINI,ZAGATO,1,2019-01-09
620,LAMBORGHINI,ALAR,1,2019-01-09
621,LAMBORGHINI,LM002,1,2019-01-09
622,LAMBORGHINI,REVENTON,1,2019-01-09
623,LAMBORGHINI,ANKONIAN,1,2019-01-09
624,LAMBORGHINI,AVENTADOR,1,2019-01-09
625,LAMBORGHINI,SESTO ELEMENTO,1,2019-01-09
626,JAC,J3 TURIN,1,2019-01-09
627,JAC,J2,1,2019-01-09
628,RENAULT,SANDERO GT,1,2019-01-09
629,CHEVROLET,SPIN,1,2019-01-09
630,CHEVROLET,TRAILBLAZER,1,2019-01-09
631,CITROEN,C3 PICASSO,1,2019-01-09
632,CITROEN,GRAND C4 PICASSO,1,2019-01-09
633,CITROEN,JUMPER MINIBUS,1,2019-01-09
634,CITROEN,JUMPER VETRATO,1,2019-01-09
635,PEUGEOT,207 SEDAN,1,2019-01-09
636,PEUGEOT,207 QUIKSILVER,1,2019-01-09
637,PEUGEOT,207 ESCAPADE,1,2019-01-09
638,PEUGEOT,308 CC,1,2019-01-09
639,PEUGEOT,BOXER PASSAGEIRO,1,2019-01-09
640,FORD,MONDEO,1,2019-01-09
641,FORD,MONDEO SW,1,2019-01-09
642,FORD,MUSTANG,1,2019-01-09
643,AUDI,A4 AVANT,1,2019-01-09
644,AUDI,S4 AVANT,1,2019-01-09
645,AUDI,A5 SPORTBACK,1,2019-01-09
646,AUDI,A5 CABRIOLET,1,2019-01-09
647,AUDI,S5 COUPE,1,2019-01-09
648,AUDI,S5 SPORTBACK,1,2019-01-09
649,AUDI,S5 CABRIOLET,1,2019-01-09
650,AUDI,A6 AVANT,1,2019-01-09
651,AUDI,A6 ALLROAD,1,2019-01-09
652,AUDI,S6 AVANT,1,2019-01-09
653,AUDI,S7,1,2019-01-09
654,AUDI,TT ROADSTER,1,2019-01-09
655,AUDI,TT RS,1,2019-01-09
656,AUDI,TT RS ROADSTER,1,2019-01-09
657,AUDI,TTS ROADSTER,1,2019-01-09
658,AUDI,R8 SPYDER,1,2019-01-09
659,AUDI,R8 GT,1,2019-01-09
660,AUDI,R8 GT SPYDER,1,2019-01-09
661,FERRARI,F12,1,2019-01-09
662,FERRARI,458 SPIDER,1,2019-01-09
663,FERRARI,458 ITALIA,1,2019-01-09
664,FERRARI,FF,1,2019-01-09
665,FERRARI,599,1,2019-01-09
666,FERRARI,SA,1,2019-01-09
667,FERRARI,CHALLENGE,1,2019-01-09
668,FERRARI,SUPERAMERICA,1,2019-01-09
669,FERRARI,F430 SPIDER,1,2019-01-09
670,FERRARI,430,1,2019-01-09
671,FERRARI,612 SESSANTA,1,2019-01-09
672,FERRARI,599 GTB,1,2019-01-09
673,FERRARI,SCUDERIA SPIDER,1,2019-01-09
674,FERRARI,512,1,2019-01-09
675,FERRARI,456 GT,1,2019-01-09
676,FERRARI,348 GTS,1,2019-01-09
677,FERRARI,348 SPIDER,1,2019-01-09
678,FERRARI,F355,1,2019-01-09
679,FERRARI,F355 SPIDER,1,2019-01-09
680,FERRARI,F50,1,2019-01-09
681,FERRARI,355 SPIDER,1,2019-01-09
682,FERRARI,360 MODENA,1,2019-01-09
683,MITSUBISHI,PAJERO FULL,1,2019-01-09
684,MITSUBISHI,PAJERO DAKAR,1,2019-01-09
685,MITSUBISHI,PAJERO TR4,1,2019-01-09
686,MITSUBISHI,LANCER SPORTBACK,1,2019-01-09
687,MITSUBISHI,LANCER EVOLUTION,1,2019-01-09
688,MITSUBISHI,L200 TRITON SAVANA,1,2019-01-09
689,MITSUBISHI,L200 TRITON,1,2019-01-09
690,NISSAN,LIVINA X-GEAR,1,2019-01-09
691,NISSAN,GRAND LIVINA,1,2019-01-09
692,SSANGYONG,NEW ACTYON SPORTS,1,2019-01-09
693,TOYOTA,PRIUS,1,2019-01-09
694,MIURA,SPORT,1,2019-01-09
695,MIURA,MTS,1,2019-01-09
696,MIURA,SPIDER,1,2019-01-09
697,MIURA,KABRIO,1,2019-01-09
698,MIURA,SAGA,1,2019-01-09
699,MIURA,SAGA II,1,2019-01-09
700,MIURA,787,1,2019-01-09
701,MIURA,X11,1,2019-01-09
702,GAIOLA,GAIOLA,1,2019-01-09
703,DODGE,NITRO,1,2019-01-09
704,DODGE,CHALLENGER,1,2019-01-09
705,DODGE,DART,1,2019-01-09
706,DODGE,LE BARON,1,2019-01-09
707,DODGE,CORDOBA,1,2019-01-09
708,DODGE,CHARGER,1,2019-01-09
709,CHRYSLER,WINDSOR,1,2019-01-09
710,CHRYSLER,CROSSFIRE,1,2019-01-09
711,CHRYSLER,CORDOBA,1,2019-01-09
712,CADILLAC,ESCALADE,1,2019-01-09
713,BUICK,RIVIERA,1,2019-01-09
714,BUICK,COUPE,1,2019-01-09
715,BUICK,CENTURY,1,2019-01-09
716,BUICK,APOLLO,1,2019-01-09
717,BUICK,CENTURION,1,2019-01-09
718,BUICK,EIGHT,1,2019-01-09
719,BUICK,ELECTRA,1,2019-01-09
720,BUICK,ESTATE WAGON,1,2019-01-09
721,BUICK,GRAN SPORT,1,2019-01-09
722,BUICK,GSX,1,2019-01-09
723,BUICK,INVICTA,1,2019-01-09
724,BUICK,LESABRE,1,2019-01-09
725,BUICK,LIMITED,1,2019-01-09
726,BUICK,PARK AVENUE,1,2019-01-09
727,BUICK,RAINIER,1,2019-01-09
728,BUICK,REATTA,1,2019-01-09
729,BUICK,REGAL,1,2019-01-09
730,BUICK,RENDEZVOUS,1,2019-01-09
731,BUICK,ROADMASTER,1,2019-01-09
732,BUICK,ROYAUM,1,2019-01-09
733,BUICK,SKYHAWK,1,2019-01-09
734,BUICK,SKYLARK,1,2019-01-09
735,BUICK,SOMERSET,1,2019-01-09
736,BUICK,SPECIAL,1,2019-01-09
737,BUICK,SPORT WAGON,1,2019-01-09
738,BUICK,SUPER,1,2019-01-09
739,BUICK,TERRAZA,1,2019-01-09
740,BUICK,WILDCAT,1,2019-01-09
741,BUICK,LACROSSE,1,2019-01-09
742,BUICK,ENCLAVE,1,2019-01-09
743,BUICK,GL8,1,2019-01-09
744,BUICK,HRV,1,2019-01-09
745,BUICK,LUCERNE,1,2019-01-09
746,FORD,NEW FIESTA,1,2019-01-09
747,DAEWOO,BROUGHAM,1,2019-01-09
748,DAEWOO,CHAIRMAN,1,2019-01-09
749,DAEWOO,DAMAS,1,2019-01-09
750,DAEWOO,GENTRA,1,2019-01-09
751,DAEWOO,MAEPSY,1,2019-01-09
752,DAEWOO,ISTANA,1,2019-01-09
753,DAEWOO,KALOS,1,2019-01-09
754,DAEWOO,KORANDO,1,2019-01-09
755,DAEWOO,LACETTI,1,2019-01-09
756,DAEWOO,LEMANS,1,2019-01-09
757,DAEWOO,MATIZ,1,2019-01-09
758,DAEWOO,MUSSO,1,2019-01-09
759,DAEWOO,NEXIA,1,2019-01-09
760,DAEWOO,REZZO,1,2019-01-09
761,DAEWOO,ROYALE PRINCE,1,2019-01-09
762,DAEWOO,ROYALE SALON,1,2019-01-09
763,DAEWOO,STATESMAN,1,2019-01-09
764,DAEWOO,TOSCA,1,2019-01-09
765,DAEWOO,WINSTORM,1,2019-01-09
766,WILLYS OVERLAND,RURAL,1,2019-01-09
767,DODGE,D100,1,2019-01-09
768,MERCEDES-BENZ,170,1,2019-01-09
769,DODGE,CUSTOM ROYAL,1,2019-01-09
770,CHEVROLET,CLUB COUPE,1,2019-01-09
771,DODGE,MAGNUM,1,2019-01-09
772,CHEVROLET,GMC 100,1,2019-01-09
773,PONTIAC,SOLSTICE,1,2019-01-09
774,WILLYS OVERLAND,ITAMARATY,1,2019-01-09
775,JAGUAR,MARK V,1,2019-01-09
776,PUMA,GT,1,2019-01-09
777,STUDEBAKER,CHAMPION,1,2019-01-09
778,FIAT,BALILLA,1,2019-01-09
779,WILLYS OVERLAND,INTERLAGOS,1,2019-01-09
780,GURGEL,X15,1,2019-01-09
781,FORD,NEW FIESTA SEDAN,1,2019-01-09
782,PORSCHE,SPEEDSTER 356,1,2019-01-09
783,JINBEI,TOPIC FURGAO,1,2019-01-09
784,JINBEI,TOPIC ESCOLAR,1,2019-01-09
785,MERCEDES-BENZ,300D,1,2019-01-09
786,MERCEDES-BENZ,CLASSE TE,1,2019-01-09
787,TOYOTA,T-100,1,2019-01-09
788,RENAULT,MEGANE SEDAN,1,2019-01-09
789,AUDI,A4 CABRIOLET,1,2019-01-09
790,INFINITI,LINHA G,1,2019-01-09
791,INFINITI,LINHA G COUPE,1,2019-01-09
792,INFINITI,LINHA G CONVERSIVEL,1,2019-01-09
793,INFINITI,LINHA M,1,2019-01-09
794,INFINITI,LINHA EX,1,2019-01-09
795,INFINITI,LINHA JX,1,2019-01-09
796,INFINITI,LINHA QX,1,2019-01-09
797,JAGUAR,MODELOS XF,1,2019-01-09
798,JAGUAR,F-TYPE,1,2019-01-09
799,JAGUAR,MARK VII,1,2019-01-09
800,JAGUAR,MARK VIII,1,2019-01-09
801,JAGUAR,MARK IX,1,2019-01-09
802,JAGUAR,MARK X,1,2019-01-09
803,JAGUAR,E-TYPE,1,2019-01-09
804,JAGUAR,C-TYPE,1,2019-01-09
805,JAGUAR,D-TYPE,1,2019-01-09
806,JAGUAR,MARK I,1,2019-01-09
807,JAGUAR,MARK II,1,2019-01-09
808,PUMA,GT4R,1,2019-01-09
809,PUMA,SPYDER,1,2019-01-09
810,PUMA,GTI,1,2019-01-09
811,PUMA,AM1,1,2019-01-09
812,PUMA,AM2,1,2019-01-09
813,PUMA,AM3,1,2019-01-09
814,PUMA,AM4,1,2019-01-09
815,PUMA,AMV,1,2019-01-09
816,HONDA,ACTY,1,2019-01-09
817,HONDA,AIRWAVE,1,2019-01-09
818,HONDA,ASCOT,1,2019-01-09
819,HONDA,BALLADE,1,2019-01-09
820,HONDA,BEAT,1,2019-01-09
821,HONDA,CR-X,1,2019-01-09
822,HONDA,CONCERTO,1,2019-01-09
823,HONDA,CR-Z,1,2019-01-09
824,HONDA,DOMANI,1,2019-01-09
825,HONDA,EDIX,1,2019-01-09
826,HONDA,ELEMENT,1,2019-01-09
827,HONDA,EV PLUS,1,2019-01-09
828,HONDA,FCX,1,2019-01-09
829,HONDA,FR-V,1,2019-01-09
830,HONDA,HR-V,1,2019-01-09
831,HONDA,HSC,1,2019-01-09
832,HONDA,INSIGHT,1,2019-01-09
833,ACURA,TL,1,2019-01-09
834,HONDA,LIFE DUNK,1,2019-01-09
835,HONDA,LOGO,1,2019-01-09
836,HONDA,MOBILIO,1,2019-01-09
837,ACURA,MDX,1,2019-01-09
838,HONDA,ORTHIA,1,2019-01-09
839,HONDA,PARTNER VAN,1,2019-01-09
840,HONDA,PILOT,1,2019-01-09
841,HONDA,RIDGELINE,1,2019-01-09
842,HONDA,S2000,1,2019-01-09
843,HONDA,S600,1,2019-01-09
844,HONDA,S500,1,2019-01-09
845,HONDA,S800,1,2019-01-09
846,HONDA,STEPWGN,1,2019-01-09
847,HONDA,STREAM,1,2019-01-09
848,HONDA,THATS,1,2019-01-09
849,HONDA,VAMOZ,1,2019-01-09
850,HONDA,Z,1,2019-01-09
851,HONDA,ZEST,1,2019-01-09
852,SUZUKI,AERIO,1,2019-01-09
853,SUZUKI,ALTO,1,2019-01-09
854,SUZUKI,APV,1,2019-01-09
855,SUZUKI,KEI,1,2019-01-09
856,SUZUKI,LAPIN,1,2019-01-09
857,SUZUKI,MR WAGON,1,2019-01-09
858,SUZUKI,XL-7,1,2019-01-09
859,SUZUKI,VERONA,1,2019-01-09
860,WILLYS OVERLAND,JEEP CJ,1,2019-01-09
861,PEUGEOT,306 CABRIOLET,1,2019-01-09
862,DKW-VEMAG,BELCAR,1,2019-01-09
863,KAISER,M715,1,2019-01-09
864,PEUGEOT,407 SW,1,2019-01-09
865,PEUGEOT,307 CC,1,2019-01-09
866,CHEVROLET,STYLELINE,1,2019-01-09
867,FORD,PAMPA,1,2019-01-09
868,ADAMO,GT2,1,2019-01-09
869,CHEVROLET,YUKON,1,2019-01-09
870,DE SOTO,SPORTSMAN,1,2019-01-09
871,RENAULT,21 NEVADA,1,2019-01-09
872,BUGATTI,VEYRON,1,2019-01-09
873,FERRARI,ENZO,1,2019-01-09
874,PEUGEOT,306 SW,1,2019-01-09
875,ALFA ROMEO,TI 80,1,2019-01-09
876,PORSCHE,SPYDER 550,1,2019-01-09
877,FERRARI,380 GTB,1,2019-01-09
878,TROLLER,T-5,1,2019-01-09
879,DODGE,KINGSWAY,1,2019-01-09
880,CHEVROLET,SSR,1,2019-01-09
881,CHEVROLET,IMPALA,1,2019-01-09
882,PEUGEOT,208,1,2019-01-09
883,CHEVROLET,GRAND BLAZER,1,2019-01-09
884,VOLVO,100 SERIES,1,2019-01-09
885,VOLVO,200 SERIES,1,2019-01-09
886,VOLVO,300 SERIES,1,2019-01-09
887,VOLVO,66,1,2019-01-09
888,VOLVO,700 SERIES,1,2019-01-09
889,VOLVO,AMAZON,1,2019-01-09
890,VOLVO,C303,1,2019-01-09
891,VOLVO,DUETT,1,2019-01-09
892,VOLVO,L3314,1,2019-01-09
893,VOLVO,OV 4,1,2019-01-09
894,VOLVO,P1800,1,2019-01-09
895,VOLVO,SUGGA,1,2019-01-09
896,FORD,PHAETON,1,2019-01-09
897,CITROEN,ONCE,1,2019-01-09
898,FORD,PROBE,1,2019-01-09
899,FORD,RANGER,1,2019-01-09
900,FORD,RANGER CD,1,2019-01-09
901,GURGEL,G15,1,2019-01-09
902,MITSUBISHI,PAJERO FULL 3D,1,2019-01-09
903,MITSUBISHI,PAJERO SPORT,1,2019-01-09
904,BMW,120 CABRIO,1,2019-01-09
905,BMW,320 TOURING,1,2019-01-09
906,BMW,330 CABRIO,1,2019-01-09
907,BMW,SERIE 5 TOURING,1,2019-01-09
908,BMW,SERIE 6 CABRIO,1,2019-01-09
909,BMW,SERIE M CONVERSIVEL,1,2019-01-09
910,BMW,M5 TOURING,1,2019-01-09
911,BMW,SERIE Z ROADSTER,1,2019-01-09
912,FORD,SIERRA,1,2019-01-09
913,VOLKSWAGEN,CC,1,2019-01-09
914,KIA,CERATO KOUP,1,2019-01-09
915,CHEVROLET,ASTRO,1,2019-01-09
916,TOYOTA,COROLLA XRS,1,2019-01-09
917,TOYOTA,ETIOS SEDAN,1,2019-01-09
918,FORD,TAURUS,1,2019-01-09
919,MERCURY,COUGAR,1,2019-01-09
920,MAHINDRA,XUV 500,1,2019-01-09
921,MAHINDRA,XYLO,1,2019-01-09
922,MAHINDRA,BOLERO,1,2019-01-09
923,MAHINDRA,THAR,1,2019-01-09
924,MAHINDRA,AXE,1,2019-01-09
925,MAHINDRA,LEGEND,1,2019-01-09
926,JEEP,CJ3,1,2019-01-09
927,MAHINDRA,ARMADA,1,2019-01-09
928,MAHINDRA,CHASSI,1,2019-01-09
929,MAHINDRA,SCORPIO PICK-UP,1,2019-01-09
930,CHANA,STAR TRUCK,1,2019-01-09
931,CHANA,STAR,1,2019-01-09
932,CHANA,STAR VAN CARGO,1,2019-01-09
933,CHANA,STAR VAN PASSAGEIROS,1,2019-01-09
934,SIMCA,ALVORADA,1,2019-01-09
935,SIMCA,CHAMBORD,1,2019-01-09
936,SIMCA,PROFISSIONAL,1,2019-01-09
937,SIMCA,VEDETTE,1,2019-01-09
938,SIMCA,ARONDE,1,2019-01-09
939,SIMCA,1200S,1,2019-01-09
940,SIMCA,1000,1,2019-01-09
941,HYUNDAI,HB20X,1,2019-01-09
942,HYUNDAI,HB20S,1,2019-01-09
943,CHEVROLET,MONZA,1,2019-01-09
944,CHEVROLET,CHEVETTE,1,2019-01-09
945,LIFAN,X60,1,2019-01-09
946,CHEVROLET,TRAX,1,2019-01-09
947,BMW,118,1,2019-01-09
948,BMW,120,1,2019-01-09
949,BMW,130,1,2019-01-09
950,BMW,BAVARIA,1,2019-01-09
951,BMW,C-2800,1,2019-01-09
952,BMW,318,1,2019-01-09
953,BMW,320,1,2019-01-09
954,BMW,318 CABRIO,1,2019-01-09
955,BMW,325 CABRIO,1,2019-01-09
956,BMW,530,1,2019-01-09
957,BMW,540,1,2019-01-09
958,BMW,550,1,2019-01-09
959,BMW,740,1,2019-01-09
960,BMW,750,1,2019-01-09
961,BMW,760,1,2019-01-09
962,DITALLY,MATRIX 4X4,1,2019-01-09
963,SHINERAY,A7,1,2019-01-09
964,SHINERAY,A9,1,2019-01-09
965,SHINERAY,A9 CARGO,1,2019-01-09
966,SHINERAY,T20,1,2019-01-09
967,SHINERAY,T20 BAU,1,2019-01-09
968,SHINERAY,T22,1,2019-01-09
969,ENVEMO,SUPER 90 COUPE,1,2019-01-09
970,GURGEL,X20,1,2019-01-09
971,GURGEL,ITAIPU,1,2019-01-09
972,GURGEL,G800,1,2019-01-09
973,GURGEL,XEF,1,2019-01-09
974,GURGEL,MOTOMACHINE,1,2019-01-09
975,GURGEL,BUGATO,1,2019-01-09
976,GURGEL,QT,1,2019-01-09
977,DKW-VEMAG,CAICARA,1,2019-01-09
978,DKW-VEMAG,CARCARA,1,2019-01-09
979,DKW-VEMAG,FISSORE,1,2019-01-09
980,DKW-VEMAG,MALZONI,1,2019-01-09
981,DKW-VEMAG,VEMAGUET,1,2019-01-09
982,CITROEN,C4 LOUNGE,1,2019-01-09
983,MAZDA,CX-7,1,2019-01-09
984,TANGER,TR,1,2019-01-09
985,TANGER,LUCENA,1,2019-01-09
986,TANGER,SEVETSE,1,2019-01-09
987,TANGER,RAGGE,1,2019-01-09
988,VOLVO,C70,1,2019-01-09
989,VOLVO,C30,1,2019-01-09
990,VOLVO,544,1,2019-01-09
991,VOLVO,S40,1,2019-01-09
992,VOLVO,S60,1,2019-01-09
993,VOLVO,S70,1,2019-01-09
994,VOLVO,S80,1,2019-01-09
995,VOLVO,V40,1,2019-01-09
996,VOLVO,V50,1,2019-01-09
997,VOLVO,V60,1,2019-01-09
998,VOLVO,V70,1,2019-01-09
999,VOLVO,S90,1,2019-01-09
1000,VOLVO,XC60,1,2019-01-09
1001,VOLVO,XC70,1,2019-01-09
1002,VOLVO,XC90,1,2019-01-09
1003,VOLVO,P1900,1,2019-01-09
1004,VOLVO,PV36,1,2019-01-09
1005,VOLVO,PV444,1,2019-01-09
1006,VOLVO,PV544,1,2019-01-09
1007,VOLVO,PV51,1,2019-01-09
1008,VOLVO,PV654,1,2019-01-09
1009,VOLVO,C50,1,2019-01-09
1010,MERCEDES-BENZ,190,1,2019-01-09
1011,MERCEDES-BENZ,CLASSE CLA,1,2019-01-09
1012,MERCEDES-BENZ,CLASSE V,1,2019-01-09
1013,MERCEDES-BENZ,VANEO,1,2019-01-09
1014,MERCEDES-BENZ,CITAN,1,2019-01-09
1015,MERCEDES-BENZ,VARIO,1,2019-01-09
1016,MERCEDES-BENZ,CLASSE S CLASSICO,1,2019-01-09
1017,JAC,J3S,1,2019-01-09
1018,RELY,PICK-UP,1,2019-01-09
1019,RELY,VAN,1,2019-01-09
1020,CITROEN,C3 SOLARIS,1,2019-01-09
1021,CITROEN,C3 XTR,1,2019-01-09
1022,CITROEN,C4 SOLARIS,1,2019-01-09
1023,CITROEN,C5 BREAK/TOURER,1,2019-01-09
1024,CITROEN,XSARA BREAK,1,2019-01-09
1025,CITROEN,XSARA VTS,1,2019-01-09
1026,CITROEN,XANTIA BREAK,1,2019-01-09
1027,CITROEN,XM BREAK,1,2019-01-09
1028,CITROEN,C15,1,2019-01-09
1029,CITROEN,NEMO,1,2019-01-09
1030,CITROEN,VISA,1,2019-01-09
1031,CITROEN,C1,1,2019-01-09
1032,CITROEN,C2,1,2019-01-09
1033,CITROEN,C3 PLURIEL,1,2019-01-09
1034,CITROEN,DS4,1,2019-01-09
1035,CITROEN,DS5,1,2019-01-09
1036,CITROEN,JUMPY,1,2019-01-09
1037,CITROEN,C-CROSSER,1,2019-01-09
1038,CITROEN,C35,1,2019-01-09
1039,CITROEN,C25,1,2019-01-09
1040,CITROEN,CX,1,2019-01-09
1041,CITROEN,CX BREAK,1,2019-01-09
1042,CITROEN,AXEL,1,2019-01-09
1043,CITROEN,DYANE,1,2019-01-09
1044,CITROEN,GS/GSA,1,2019-01-09
1045,CITROEN,GS/GSA BREAK,1,2019-01-09
1046,CITROEN,MEHARI,1,2019-01-09
1047,CITROEN,SAXO,1,2019-01-09
1048,CITROEN,SM,1,2019-01-09
1049,CITROEN,ELYSEE,1,2019-01-09
1050,RENAULT,MASTER MINIBUS,1,2019-01-09
1051,CHERY,CELER,1,2019-01-09
1052,CHERY,CELER SEDAN,1,2019-01-09
1053,CHERY,CIELO SEDAN,1,2019-01-09
1054,AUDI,A1 SPORTBACK,1,2019-01-09
1055,AUDI,A1 QUATTRO,1,2019-01-09
1056,AUDI,A3 SPORTBACK,1,2019-01-09
1057,AUDI,RS4 AVANT,1,2019-01-09
1058,AUDI,A8L W12,1,2019-01-09
1059,AUDI,R8 V10,1,2019-01-09
1060,FORD,T-BUCKET,1,2019-01-09
1061,JAC,T140,1,2019-01-09
1062,BMW,X1,1,2019-01-09
1063,BMW,X3,1,2019-01-09
1064,BMW,X5,1,2019-01-09
1065,BMW,X6,1,2019-01-09
1066,BMW,840,1,2019-01-09
1067,BMW,850,1,2019-01-09
1068,BMW,645,1,2019-01-09
1069,BMW,650,1,2019-01-09
1070,HONDA,FIT TWIST,1,2019-01-09
1071,MCLAREN,MP4,1,2019-01-09
1072,MCLAREN,F1,1,2019-01-09
1073,FORD,THUNDERBIRD,1,2019-01-09
1074,FORD,TORINO,1,2019-01-09
1075,FORD,TRANSIT,1,2019-01-09
1076,MAZDA,MX-6,1,2019-01-09
1077,CHEVROLET,CORISCO,1,2019-01-09
1078,CHEVROLET,CHEVELLE,1,2019-01-09
1079,FORD,TRANSIT CHASSI,1,2019-01-09
1080,VOLKSWAGEN,TOURAN,1,2019-01-09
1081,FORD,TRANSIT PASSAGEIRO,1,2019-01-09
1082,PEUGEOT,HOGGAR ESCAPADE,1,2019-01-09
1083,FORD,TT,1,2019-01-09
1084,VOLKSWAGEN,TRANSPORTER,1,2019-01-09
1085,KIA,GRAND BESTA,1,2019-01-09
1086,NISSAN,200SX,1,2019-01-09
1087,NISSAN,240SX,1,2019-01-09
1088,CHRYSLER,300M,1,2019-01-09
1089,CHRYSLER,300C TOURING,1,2019-01-09
1090,FORD,VERONA,1,2019-01-09
1091,CHEVROLET,VENTURE,1,2019-01-09
1092,CHEVROLET,FLEETLINE,1,2019-01-09
1093,CHEVROLET,FLEETMASTER,1,2019-01-09
1094,CHEVROLET,DELUXE,1,2019-01-09
1095,FORD,VERSAILLES,1,2019-01-09
1096,CHEVROLET,MASTER,1,2019-01-09
1097,OLDSMOBILE,TORONADO,1,2019-01-09
1098,OLDSMOBILE,SIX,1,2019-01-09
1099,OLDSMOBILE,EIGHT,1,2019-01-09
1100,OLDSMOBILE,DELUXE,1,2019-01-09
1101,OLDSMOBILE,SERIES 60,1,2019-01-09
1102,OLDSMOBILE,SERIES 70,1,2019-01-09
1103,OLDSMOBILE,SERIES 80,1,2019-01-09
1104,OLDSMOBILE,SERIES 90,1,2019-01-09
1105,OLDSMOBILE,STARFIRE,1,2019-01-09
1106,OLDSMOBILE,442,1,2019-01-09
1107,OLDSMOBILE,CUTLASS,1,2019-01-09
1108,OLDSMOBILE,CUTLASS SUPREME,1,2019-01-09
1109,OLDSMOBILE,CUTLASS SALON,1,2019-01-09
1110,OLDSMOBILE,CUTLASS CALAIS,1,2019-01-09
1111,OLDSMOBILE,CUTLASS CIERA,1,2019-01-09
1112,OLDSMOBILE,CUSTOM CRUISER,1,2019-01-09
1113,OLDSMOBILE,VISTA CRUISER,1,2019-01-09
1114,OLDSMOBILE,F-85,1,2019-01-09
1115,OLDSMOBILE,FIRENZA,1,2019-01-09
1116,OLDSMOBILE,ACHIEVA,1,2019-01-09
1117,OLDSMOBILE,ALERO,1,2019-01-09
1118,OLDSMOBILE,AURORA,1,2019-01-09
1119,OLDSMOBILE,BRAVADA,1,2019-01-09
1120,OLDSMOBILE,INTRIGUE,1,2019-01-09
1121,OLDSMOBILE,SILHOUETTE,1,2019-01-09
1122,PLYMOUTH,SUPERBIRD,1,2019-01-09
1123,PLYMOUTH,FURY,1,2019-01-09
1124,PLYMOUTH,SPECIAL,1,2019-01-09
1125,PLYMOUTH,PROWLER,1,2019-01-09
1126,PLYMOUTH,TRAIL DUSTER,1,2019-01-09
1127,PLYMOUTH,VOYAGER,1,2019-01-09
1128,PLYMOUTH,SCAMP,1,2019-01-09
1129,PLYMOUTH,ARROW,1,2019-01-09
1130,PLYMOUTH,PT50,1,2019-01-09
1131,PLYMOUTH,PT57,1,2019-01-09
1132,PLYMOUTH,PT81,1,2019-01-09
1133,PLYMOUTH,PT105,1,2019-01-09
1134,PLYMOUTH,PT125,1,2019-01-09
1135,PLYMOUTH,EXPRESS,1,2019-01-09
1136,PLYMOUTH,VOYAGER EXPRESSO,1,2019-01-09
1137,PLYMOUTH,NEON,1,2019-01-09
1138,PLYMOUTH,LASER,1,2019-01-09
1139,PLYMOUTH,CARAVELLE,1,2019-01-09
1140,PLYMOUTH,STATION WAGON,1,2019-01-09
1141,PLYMOUTH,MODEL Q,1,2019-01-09
1142,PLYMOUTH,MODEL P6,1,2019-01-09
1143,ASTON MARTIN,DB9 COUPE,1,2019-01-09
1144,ASTON MARTIN,DB9 VOLANTE,1,2019-01-09
1145,ASTON MARTIN,VIRAGE COUPE,1,2019-01-09
1146,ASTON MARTIN,RAPIDE S,1,2019-01-09
1147,ASTON MARTIN,V12 VANTAGE,1,2019-01-09
1148,ASTON MARTIN,V8 VANTAGE COUPE,1,2019-01-09
1149,ASTON MARTIN,V8 VANTAGE ROADSTER,1,2019-01-09
1150,ASTON MARTIN,V8 VANTAGE S COUPE,1,2019-01-09
1151,ASTON MARTIN,V8 VANTAGE S ROADSTER,1,2019-01-09
1152,ASTON MARTIN,VANQUISH COUPE,1,2019-01-09
1153,ASTON MARTIN,VANQUISH VOLANTE,1,2019-01-09
1154,ASTON MARTIN,V12 ZAGATO,1,2019-01-09
1155,ASTON MARTIN,DB5,1,2019-01-09
1156,ASTON MARTIN,DBS,1,2019-01-09
1157,ASTON MARTIN,DBS VOLANTE,1,2019-01-09
1158,ASTON MARTIN,CYGNET,1,2019-01-09
1159,ASTON MARTIN,ONE-77,1,2019-01-09
1160,ASTON MARTIN,DBR9,1,2019-01-09
1161,BMW,M3,1,2019-01-09
1162,BMW,M5,1,2019-01-09
1163,BMW,M6,1,2019-01-09
1164,BMW,X6 M,1,2019-01-09
1165,MINI,CABRIO,1,2019-01-09
1166,MINI,COUPE,1,2019-01-09
1167,MINI,ROADSTER,1,2019-01-09
1168,MINI,COUNTRYMAN,1,2019-01-09
1169,MINI,PACEMAN,1,2019-01-09
1170,MINI,JOHN COOPER WORKS,1,2019-01-09
1171,PAGANI,ZONDA,1,2019-01-09
1172,SUBARU,NEW XV,1,2019-01-09
1173,SUBARU,IMPREZA WRX HATCH,1,2019-01-09
1174,SUBARU,IMPREZA WRX STI HATCH,1,2019-01-09
1175,SUBARU,IMPREZA WRX STI SEDAN,1,2019-01-09
1176,SUBARU,IMPREZA WRX SEDAN,1,2019-01-09
1177,TOYOTA,ETIOS CROSS,1,2019-01-09
1178,LAMBORGHINI,HURACAN,1,2019-01-09
1179,VOLKSWAGEN,UP,1,2019-01-09
1180,SMART,FORTWO CABRIO,1,2019-01-09
1181,ADAMO,GT,1,2019-01-09
1182,ADAMO,GTL,1,2019-01-09
1183,ADAMO,GTM,1,2019-01-09
1184,ADAMO,C2,1,2019-01-09
1185,ADAMO,CRX,1,2019-01-09
1186,ADAMO,AC 2000,1,2019-01-09
1187,LINCOLN,AVIATOR,1,2019-01-09
1188,LINCOLN,BLACKWOOD,1,2019-01-09
1189,LINCOLN,CAPRI,1,2019-01-09
1190,LINCOLN,CONTINENTAL,1,2019-01-09
1191,LINCOLN,LS,1,2019-01-09
1192,LINCOLN,MARK,1,2019-01-09
1193,LINCOLN,MARK LT,1,2019-01-09
1194,LINCOLN,MKR,1,2019-01-09
1195,LINCOLN,MKS,1,2019-01-09
1196,LINCOLN,MKX,1,2019-01-09
1197,LINCOLN,MKZ,1,2019-01-09
1198,LINCOLN,NAVIGATOR,1,2019-01-09
1199,LINCOLN,PREMIERE,1,2019-01-09
1200,LINCOLN,TOWN CAR,1,2019-01-09
1201,LINCOLN,VERSAILLES,1,2019-01-09
1202,LINCOLN,ZEPHYR,1,2019-01-09
1203,CHEVROLET,CLASSIC,1,2019-01-09
1204,SSANGYONG,ACTYON,1,2019-01-09
1205,CHEVROLET,MARAJO,1,2019-01-09
1206,CHEVROLET,SUPREMA,1,2019-01-09
1207,VOLKSWAGEN,NEW BEETLE,1,2019-01-09
1208,VOLKSWAGEN,QUANTUM,1,2019-01-09
1209,VOLKSWAGEN,CROSSFOX,1,2019-01-09
1210,FIAT,MILLE,1,2019-01-09
1211,GEELY,GC2,1,2019-01-09
1212,GEELY,EC7,1,2019-01-09
1213,LIFAN,530,1,2019-01-09
1214,FIAT,MOBI,1,2019-01-09
1215,FIAT,TORO,1,2019-01-09
1216,JEEP,RENEGADE,1,2019-01-09
1217,RENAULT,DUSTER OROCH,1,2019-01-09
1218,RENAULT,SANDERO RS,1,2019-01-09
1219,HYUNDAI,HB20R,1,2019-01-09
1220,HYUNDAI,GRAND SANTA FE,1,2019-01-09
1221,VOLKSWAGEN,GOLF VARIANT,1,2019-01-09
1222,VOLKSWAGEN,SPACE CROSS,1,2019-01-09
1223,PEUGEOT,2008,1,2019-01-09
1224,KIA,QUORIS,1,2019-01-09
1225,KIA,GRAND CARNIVAL,1,2019-01-09
1226,JAC,T8,1,2019-01-09
1227,JAC,T6,1,2019-01-09
1228,JAC,T5,1,2019-01-09
1229,FORD,VERSAILLES ROYALE,1,2019-01-09
1230,FORD,WINDSTAR,1,2019-01-09
1235,CHEVROLET,CELTA 5,1,2019-02-09
1236,CHEVROLET,PRISMA34,1,2019-02-19
1237,HYUNDAY,I30 CW,1,2019-02-23
